<?xml version="1.0" encoding="UTF-8"?>
<LightningComponentBundle xmlns="http://soap.sforce.com/2006/04/metadata">
    <apiVersion>65.0</apiVersion>
    <isExposed>true</isExposed>
    <targets>
        <target>lightning__RecordPage</target>
    </targets>
    <targetConfigs>
        <targetConfig targets="lightning__RecordPage">
            <property name="objectApiName" type="String" label="Objeto"/>
            <property name="fieldApiName" type="String" label="Campo API"/>
            <property name="label" type="String" label="Etiqueta mostrada"/>
        </targetConfig>
    </targetConfigs>
</LightningComponentBundle>